Allele Name,count
HLA-A*01:01,47446
HLA-A*01:03,7
HLA-A*01:25,1
HLA-A*02:01,168758
HLA-A*02:02,3703
HLA-A*02:03,4900
HLA-A*02:04,6899
HLA-A*02:05,6439
HLA-A*02:06,2510
HLA-A*02:07,10270
HLA-A*02:11,2458
HLA-A*02:17,237
HLA-A*03:01,20874
HLA-A*03:02,20
HLA-A*03:07,218
HLA-A*11:01,41969
HLA-A*11:02,3095
HLA-A*11:10,307
HLA-A*23:01,6143
HLA-A*24:02,32020
HLA-A*24:03,3
HLA-A*24:06,407
HLA-A*24:07,1579
HLA-A*24:13,250
HLA-A*25:01,4484
HLA-A*25:03,9
HLA-A*26:01,2645
HLA-A*26:02,1
HLA-A*26:03,1
HLA-A*26:08,411
HLA-A*29:01,7
HLA-A*29:02,14891
HLA-A*29:13,19
HLA-A*29:14,1
HLA-A*30:01,4585
HLA-A*30:02,3307
HLA-A*30:14L,33
HLA-A*30:22,17
HLA-A*31:01,4587
HLA-A*32:01,7707
HLA-A*32:02,67
HLA-A*33:01,2701
HLA-A*33:03,9033
HLA-A*34:01,2585
HLA-A*34:02,4132
HLA-A*36:01,3159
HLA-A*66:01,3606
HLA-A*66:02,31
HLA-A*68:01,8653
HLA-A*68:02,14732
HLA-A*69:01,3042
HLA-A*74:01,2944
HLA-B*07:02,53942
HLA-B*07:04,1623
HLA-B*07:05,1
HLA-B*07:06,15
HLA-B*08:01,14192
HLA-B*08:15,2
HLA-B*13:01,4484
HLA-B*13:02,7301
HLA-B*14:01,9
HLA-B*14:02,7175
HLA-B*14:03,21
HLA-B*15:01,38823
HLA-B*15:02,37659
HLA-B*15:03,4993
HLA-B*15:04,2
HLA-B*15:10,5528
HLA-B*15:11,185
HLA-B*15:15,6
HLA-B*15:17,2030
HLA-B*15:18,5
HLA-B*15:24,1
HLA-B*15:42,5
HLA-B*18:01,8995
HLA-B*18:03,215
HLA-B*27:01,4183
HLA-B*27:02,3686
HLA-B*27:03,1314
HLA-B*27:04,1578
HLA-B*27:05,45444
HLA-B*27:06,1476
HLA-B*27:07,2267
HLA-B*27:08,2396
HLA-B*27:09,8125
HLA-B*27:10,10
HLA-B*27:13,6
HLA-B*27:16,80
HLA-B*35:01,10774
HLA-B*35:02,37
HLA-B*35:03,5352
HLA-B*35:04,12
HLA-B*35:06,10
HLA-B*35:07,2215
HLA-B*35:08,1576
HLA-B*37:01,3812
HLA-B*38:01,2934
HLA-B*38:02,3496
HLA-B*38:14,21
HLA-B*39:01,1803
HLA-B*39:05,8
HLA-B*39:06,23
HLA-B*39:09,16
HLA-B*39:10,2
HLA-B*39:24,261
HLA-B*40:01,32429
HLA-B*40:02,31759
HLA-B*40:06,2818
HLA-B*40:32,13
HLA-B*41:01,1770
HLA-B*41:02,22
HLA-B*41:03,85
HLA-B*41:04,52
HLA-B*41:05,68
HLA-B*41:06,22
HLA-B*42:01,3827
HLA-B*44:02,31875
HLA-B*44:03,23374
HLA-B*44:05,4
HLA-B*44:08,50
HLA-B*44:09,212
HLA-B*44:27,209
HLA-B*44:28,131
HLA-B*44:40,5
HLA-B*45:01,5102
HLA-B*46:01,3353
HLA-B*47:01,27
HLA-B*49:01,15099
HLA-B*50:01,4075
HLA-B*50:02,2
HLA-B*51:01,24038
HLA-B*51:04,13
HLA-B*51:08,624
HLA-B*52:01,1813
HLA-B*53:01,2457
HLA-B*54:01,2863
HLA-B*55:01,1926
HLA-B*55:02,1725
HLA-B*56:01,2837
HLA-B*57:01,42270
HLA-B*57:02,63
HLA-B*57:03,10174
HLA-B*58:01,11059
HLA-B*58:02,1225
HLA-B*73:01,178
HLA-C*01:02,3924
HLA-C*01:06,18
HLA-C*02:02,4068
HLA-C*03:02,1414
HLA-C*03:03,5541
HLA-C*03:04,15055
HLA-C*03:13,9
HLA-C*04:01,9622
HLA-C*04:03,1302
HLA-C*05:01,19381
HLA-C*06:02,6932
HLA-C*07:01,2702
HLA-C*07:02,3625
HLA-C*07:04,1592
HLA-C*07:06,69
HLA-C*07:11,8
HLA-C*08:01,2168
HLA-C*08:02,8098
HLA-C*08:14,2
HLA-C*12:02,12497
HLA-C*12:03,7432
HLA-C*12:04,3
HLA-C*12:15,17
HLA-C*14:02,6647
HLA-C*14:03,3328
HLA-C*15:02,5919
HLA-C*15:05,97
HLA-C*15:13,2
HLA-C*16:01,7638
HLA-C*16:02,10
HLA-C*17:01,1871
