allele,count
HLA-A*02:01,13488
HLA-B*51:01,7341
HLA-B*07:02,9303
HLA-B*39:10,1
HLA-B*27:04,1093
HLA-B*27:05,9183
HLA-B*35:01,3717
HLA-B*44:02,7613
HLA-A*11:01,6668
HLA-B*27:02,2043
HLA-B*27:07,1436
HLA-B*44:03,6521
HLA-A*01:01,7208
HLA-B*41:01,1353
HLA-B*41:02,20
HLA-B*41:03,81
HLA-B*41:04,43
HLA-B*41:05,35
HLA-B*41:06,18
HLA-A*02:07,3306
HLA-A*29:02,5531
HLA-A*02:05,2603
HLA-A*03:01,5301
HLA-B*15:01,7383
HLA-B*50:01,2024
HLA-B*08:01,5065
HLA-C*06:02,3092
HLA-C*16:01,3819
HLA-B*57:01,7278
HLA-A*24:02,6954
HLA-B*44:27,167
HLA-A*68:01,3183
HLA-B*45:01,2500
HLA-B*15:02,7207
HLA-B*14:02,2444
HLA-B*14:03,19
HLA-B*40:02,7820
HLA-C*04:01,3196
HLA-B*44:08,45
HLA-A*03:02,10
HLA-B*44:05,4
HLA-C*07:02,2121
HLA-C*05:01,6318
HLA-B*27:10,9
HLA-B*27:09,3466
HLA-B*27:06,1014
HLA-B*27:03,861
HLA-B*27:01,2435
HLA-B*46:01,1816
HLA-C*01:02,2288
HLA-B*37:01,1703
HLA-B*49:01,4849
HLA-C*14:02,3185
HLA-B*38:01,1443
HLA-C*12:02,4595
HLA-B*15:42,5
HLA-C*03:03,2618
HLA-B*13:01,2261
HLA-A*24:13,202
HLA-A*24:06,328
HLA-B*35:02,33
HLA-B*35:03,2406
HLA-B*35:04,3
HLA-B*35:06,4
HLA-B*35:08,855
HLA-A*02:04,2122
HLA-A*02:06,1350
HLA-B*44:28,116
HLA-B*39:01,1343
HLA-B*39:05,4
HLA-B*39:09,11
HLA-C*03:04,5305
HLA-B*57:03,3489
HLA-B*58:01,3871
HLA-B*47:01,25
HLA-B*40:01,7326
HLA-B*18:01,3780
HLA-A*31:01,1515
HLA-C*07:01,1597
HLA-A*30:02,1679
HLA-A*68:02,3751
HLA-A*01:03,5
HLA-B*13:02,3427
HLA-A*32:01,3174
HLA-B*50:02,2
HLA-A*02:03,2256
HLA-C*07:04,1009
HLA-A*23:01,2400
HLA-B*15:18,4
HLA-C*12:04,3
HLA-B*27:08,1525
HLA-C*12:03,3551
HLA-B*42:01,2006
HLA-A*66:02,19
HLA-A*30:01,2410
HLA-A*30:14L,28
HLA-B*56:01,1711
HLA-B*15:11,132
HLA-A*26:01,1495
HLA-A*66:01,2151
HLA-B*39:24,241
HLA-B*73:01,159
HLA-B*18:03,199
HLA-B*54:01,1354
HLA-B*51:08,538
HLA-C*02:02,2314
HLA-C*17:01,1342
HLA-C*15:02,3161
HLA-C*08:02,3649
HLA-B*39:06,2
HLA-B*15:17,1130
HLA-A*25:01,2611
HLA-B*44:09,183
HLA-B*15:03,2589
HLA-C*03:13,6
HLA-B*15:15,5
HLA-B*52:01,1167
HLA-A*36:01,1681
HLA-C*04:03,744
HLA-B*38:02,1836
HLA-C*03:02,839
HLA-A*11:02,1676
HLA-A*33:01,1459
HLA-A*34:02,2047
HLA-C*14:03,1897
HLA-B*35:07,1236
HLA-A*33:03,3565
HLA-A*02:02,1660
HLA-C*08:01,1272
HLA-A*02:11,1399
HLA-A*24:07,954
HLA-A*34:01,1402
HLA-A*74:01,1829
HLA-B*07:04,956
HLA-B*15:10,2294
HLA-B*40:06,1633
HLA-B*53:01,1517
HLA-B*55:01,967
HLA-B*58:02,782
HLA-B*55:02,1042
HLA-A*69:01,1000
HLA-A*26:08,380
HLA-C*15:05,91
HLA-B*07:06,15
HLA-C*07:06,42
HLA-A*11:10,3
HLA-A*03:07,4
HLA-B*27:16,1
HLA-A*30:22,1
HLA-A*32:02,1
HLA-A*24:03,1
HLA-B*40:32,4
HLA-A*02:17,215
HLA-C*16:02,10
HLA-B*57:02,55
